username; firstname; lastname; email; course1; role1
estudiante_1eso_a; Aaa Aaaa; Aaaaa Aaaaaa; a@a.a; 1ESO GyH 24/25; student
estudiante_1eso_b; Bbb Bbbb; Bbbbb Bbbbbb; b@b.b; 1ESO GyH 24/25; student
estudiante_1eso_c; Ccc Cccc; Ccccc Cccccc; c@c.c; 1ESO GyH 24/25; student
estudiante_1eso_d; Ddd Dddd; Ddddd Dddddd; d@d.d; 1ESO GyH 24/25; student
estudiante_1eso_e; Eee Eeee; Eeeee Eeeeee; e@e.e; 1ESO GyH 24/25; student
estudiante_1eso_f; Fff Ffff; Fffff Ffffff; f@f.f; 1ESO GyH 24/25; student
estudiante_1eso_g; Ggg Gggg; Ggggg Gggggg; g@g.g; 1ESO GyH 24/25; student
estudiante_1eso_h; Hhh Hhhh; Hhhhh Hhhhhh; h@h.h; 1ESO GyH 24/25; student
estudiante_1eso_i; Iii Iiii; Iiiii Iiiiii; i@i.i; 1ESO GyH 24/25; student
estudiante_1eso_j; Jjj Jjjj; Jjjjj Jjjjjj; j@j.j; 1ESO GyH 24/25; student
estudiante_1eso_k; Kkk Kkkk; Kkkkk Kkkkkk; k@k.k; 1ESO GyH 24/25; student
estudiante_1eso_l; Lll Llll; Lllll Llllll; l@l.l; 1ESO GyH 24/25; student
estudiante_1eso_m; Mmm Mmmm; Mmmmm Mmmmmm; m@m.m; 1ESO GyH 24/25; student
estudiante_1eso_n; Nnn Nnnn; Nnnnn Nnnnnn; n@n.n; 1ESO GyH 24/25; student
estudiante_1eso_o; Ooo Oooo; Ooooo Oooooo; o@o.o; 1ESO GyH 24/25; student
